Link;Topic;Text
https://twitter.com/MilkbagLFG/status/1784524317683806692;AI Tool;
https://twitter.com/MilkbagLFG/status/1784524384415236247;AI Tool;
https://twitter.com/MilkbagLFG/status/1784524407114756580;AI Tool;
https://twitter.com/MilkbagLFG/status/1784524433253638405;AI Tool;
https://twitter.com/MilkbagLFG/status/1784524455957451067;AI Tool;
https://twitter.com/MilkbagLFG/status/1784524479848120755;AI Tool;
https://twitter.com/MilkbagLFG/status/1784524504560996541;AI Tool;
https://twitter.com/MilkbagLFG/status/1784524527017357821;AI Tool;
https://twitter.com/MilkbagLFG/status/1784524552183099801;AI Tool;
https://twitter.com/MilkbagLFG/status/1784524574039687407;AI Tool;
https://twitter.com/MilkbagLFG/status/1784524598714778102;AI Tool;
https://twitter.com/MilkbagLFG/status/1784524623054246290;AI Tool;
https://twitter.com/MilkbagLFG/status/1784524649214128433;AI Tool;
https://twitter.com/MilkbagLFG/status/1784524675642454032;AI Tool;
https://twitter.com/MilkbagLFG/status/1784524697561923853;AI Tool;
https://twitter.com/MilkbagLFG/status/1784524721129685094;AI Tool;
https://twitter.com/MilkbagLFG/status/1784524744164774280;AI Tool;
https://twitter.com/MilkbagLFG/status/1784524767279628526;AI Tool;
https://twitter.com/MilkbagLFG/status/1784524789224202439;AI Tool;
https://twitter.com/MilkbagLFG/status/1784524826662629434;AI Tool;
https://twitter.com/MilkbagLFG/status/1784524851908137288;AI Tool;
https://twitter.com/MilkbagLFG/status/1784524876243415312;AI Tool;
https://twitter.com/MilkbagLFG/status/1784524899236598147;AI Tool;
https://twitter.com/MilkbagLFG/status/1784524922120712585;AI Tool;
https://twitter.com/MilkbagLFG/status/1784524945608835099;AI Tool;
https://twitter.com/MilkbagLFG/status/1784524992438247470;AI Tool;
https://twitter.com/MilkbagLFG/status/1784525015494365560;AI Tool;
https://twitter.com/MilkbagLFG/status/1784525040643379638;AI Tool;
https://twitter.com/MilkbagLFG/status/1784525064810971610;AI Tool;
https://twitter.com/MilkbagLFG/status/1784525088680788419;AI Tool;
https://twitter.com/MilkbagLFG/status/1784525111019671856;AI Tool;
https://twitter.com/MilkbagLFG/status/1784525133845045526;AI Tool;
https://twitter.com/MilkbagLFG/status/1784525156951461972;AI Tool;
https://twitter.com/MilkbagLFG/status/1784525178946351426;AI Tool;
https://twitter.com/MilkbagLFG/status/1784525200626774469;AI Tool;
https://twitter.com/MilkbagLFG/status/1784525228409839658;AI Tool;
https://twitter.com/MilkbagLFG/status/1784525251239407698;AI Tool;
https://twitter.com/MilkbagLFG/status/1784525274589106330;AI Tool;
https://twitter.com/MilkbagLFG/status/1784525296726667418;AI Tool;
https://twitter.com/MilkbagLFG/status/1784525317702373465;AI Tool;
https://twitter.com/MilkbagLFG/status/1784525339663671661;AI Tool;
https://twitter.com/MilkbagLFG/status/1784525364015829005;AI Tool;
https://twitter.com/MilkbagLFG/status/1784525385369055689;AI Tool;
https://twitter.com/MilkbagLFG/status/1784525406479016235;AI Tool;
https://twitter.com/MilkbagLFG/status/1784525429962924448;AI Tool;
https://twitter.com/MilkbagLFG/status/1784525452939304993;AI Tool;
https://twitter.com/MilkbagLFG/status/1784525478507819066;AI Tool;
https://twitter.com/MilkbagLFG/status/1784525501437985192;AI Tool;
https://twitter.com/MilkbagLFG/status/1784525531616030845;AI Tool;
https://twitter.com/MilkbagLFG/status/1784527236617375784;Meme;"CHOO CHOO #MILKBAG @MilkbagSol\nThe Milk Stays Fresh"
https://twitter.com/MilkbagLFG/status/1784527264421409226;Meme;"Don't hate the player hate the game #MILKBAG @MilkbagSol\nThe Milk Stays Fresh"
https://twitter.com/MilkbagLFG/status/1784527286378565897;Meme;"Just get the right #MILKBAG @MilkbagSol\nThe Milk Stays Fresh"
https://twitter.com/MilkbagLFG/status/1784527307287183459;Meme;"Just sip #MILKBAG @MilkbagSol\nThe Milk Stays Fresh"
https://twitter.com/MilkbagLFG/status/1784527332478226647;Meme;"Brings everyone some smile #MILKBAG @MilkbagSol\nThe Milk Stays Fresh"
https://twitter.com/MilkbagLFG/status/1784527353806205082;Meme;"Don't regret, just sip #MILKBAG @MilkbagSol\nThe Milk Stays Fresh"
https://twitter.com/MilkbagLFG/status/1784527375528583396;Meme;"Even the sharks can't get enough #MILKBAG @MilkbagSol\nThe Milk Stays Fresh"
https://twitter.com/MilkbagLFG/status/1784527400941846528;Meme;"Just let #MILKBAG Cook @MilkbagSol\nThe Milk Stays Fresh"
https://twitter.com/MilkbagLFG/status/1784527422286631356;Meme;"Back to the producer #MILKBAG @MilkbagSol\nThe Milk Stays Fresh"
https://twitter.com/MilkbagLFG/status/1784527442729734639;Meme;"Cats can't without it, the new kid is here #MILKBAG @MilkbagSol\nThe Milk Stays Fresh"
https://twitter.com/MilkbagLFG/status/1784527462774215082;Meme;"Just chill & sip #MILKBAG @MilkbagSol\nThe Milk Stays Fresh"
https://twitter.com/MilkbagLFG/status/1784527483594797325;Meme;"Hulk got its powers from #MILKBAG @MilkbagSol\nThe Milk Stays Fresh"
https://twitter.com/MilkbagLFG/status/1784527505560322296;Meme;"Obviously #MILKBAG @MilkbagSol\nThe Milk Stays Fresh"
https://twitter.com/MilkbagLFG/status/1784527533267984460;Meme;"#MILKBAG is always with you @MilkbagSol\nThe Milk Stays Fresh"
https://twitter.com/MilkbagLFG/status/1784527560845504744;Meme;"#MILKBAG is here to save you @MilkbagSol\nThe Milk Stays Fresh"
https://twitter.com/MilkbagLFG/status/1784527585902260275;Meme;"Even Kermit loves #MILKBAG @MilkbagSol\nThe Milk Stays Fresh"
https://twitter.com/MilkbagLFG/status/1784527613513383938;Meme;"#MILKBAG makes the decision easy for you @MilkbagSol\nThe Milk Stays Fresh"
https://twitter.com/MilkbagLFG/status/1784527634690363639;Meme;"The bad guys love #MILKBAG @MilkbagSol\nThe Milk Stays Fresh"
https://twitter.com/MilkbagLFG/status/1784527657993937089;Meme;"#MILKBAG won't stop and always burn @MilkbagSol\nThe Milk Stays Fresh"
https://twitter.com/MilkbagLFG/status/1784527679372378331;Meme;"Cows officially love #MILKBAG @MilkbagSol\nThe Milk Stays Fresh"
https://twitter.com/MilkbagLFG/status/1784527700960460940;Meme;"What's hiding in the shadows? #MILKBAG @MilkbagSol\nThe Milk Stays Fresh"
https://twitter.com/MilkbagLFG/status/1784527723840389390;Meme;"On a moon mission while sipping my #MILKBAG @MilkbagSol\nThe Milk Stays Fresh"
